path_v,view
C00011/C00011_FM left side1_1.mp4,Front
C00011/C00011_FM left side1_2.mp4,Left
C00011/C00011_FM left side2_1.mp4,Front
C00011/C00011_FM left side2_2.mp4,Left
C00011/C00011_FM left side3_1.mp4,Left
C00011/C00011_FM left side3_2.mp4,Front
C00011/C00011_FM right side1_1.mp4,Right
C00011/C00011_FM right side1_2.mp4,Front
C00011/C00011_FM right side2_1.mp4,Front
C00011/C00011_FM right side2_2.mp4,Right
C00011/C00011_FM right side3_1.mp4,Right
C00011/C00011_FM right side3_2.mp4,Front
C00012/C00012_FM left side1_1.mp4,
C00012/C00012_FM left side1_2.mp4,
C00012/C00012_FM left side2_1.mp4,
C00012/C00012_FM left side2_2.mp4,
C00012/C00012_FM left side3_1.mp4,
C00012/C00012_FM left side3_2.mp4,
C00012/C00012_FM right side1_1.mp4,
C00012/C00012_FM right side1_2.mp4,
C00012/C00012_FM right side2_1.mp4,
C00012/C00012_FM right side2_2.mp4,
C00012/C00012_FM right side3_1.mp4,
C00012/C00012_FM right side3_2.mp4,
C00015/C00015_FM left side1_1.mp4,
C00015/C00015_FM left side1_2.mp4,
C00015/C00015_FM left side2_1.mp4,
C00015/C00015_FM left side2_2.mp4,
C00015/C00015_FM left side3_1.mp4,
C00015/C00015_FM left side3_2.mp4,
C00015/C00015_FM right side1_1.mp4,
C00015/C00015_FM right side1_2.mp4,
C00015/C00015_FM right side2_1.mp4,
C00015/C00015_FM right side2_2.mp4,
C00015/C00015_FM right side3_1.mp4,
C00015/C00015_FM right side3_2.mp4,
C00019/C00019_FM left side1_1.mp4,
C00019/C00019_FM left side1_2.mp4,
C00019/C00019_FM left side2_1.mp4,
C00019/C00019_FM left side2_2.mp4,
C00019/C00019_FM left side3_1.mp4,
C00019/C00019_FM left side3_2.mp4,
C00019/C00019_FM right side1_1.mp4,
C00019/C00019_FM right side1_2.mp4,
C00019/C00019_FM right side2_1.mp4,
C00019/C00019_FM right side2_2.mp4,
C00019/C00019_FM right side3_1.mp4,
C00019/C00019_FM right side3_2.mp4,
C00020/C00020_FM left side1_1.mp4,
C00020/C00020_FM left side1_2.mp4,
C00020/C00020_FM left side2_1.mp4,
C00020/C00020_FM left side2_2.mp4,
C00020/C00020_FM left side3_1.mp4,
C00020/C00020_FM left side3_2.mp4,
C00020/C00020_FM right side1_1.mp4,
C00020/C00020_FM right side1_2.mp4,
C00020/C00020_FM right side2_1.mp4,
C00020/C00020_FM right side2_2.mp4,
C00020/C00020_FM right side3_1.mp4,
C00020/C00020_FM right side3_2.mp4,
C00022/C00022_FM left side1_1.mp4,
C00022/C00022_FM left side1_2.mp4,
C00022/C00022_FM left side2_1.mp4,
C00022/C00022_FM left side2_2.mp4,
C00022/C00022_FM left side3_1.mp4,
C00022/C00022_FM left side3_2.mp4,
C00022/C00022_FM right side1_1.mp4,
C00022/C00022_FM right side1_2.mp4,
C00022/C00022_FM right side2_1.mp4,
C00022/C00022_FM right side2_2.mp4,
C00022/C00022_FM right side3_1.mp4,
C00022/C00022_FM right side3_2.mp4,
C00023/C00023_FM left side1_1.mp4,
C00023/C00023_FM left side1_2.mp4,
C00023/C00023_FM right side1_1.mp4,
C00023/C00023_FM right side1_2.mp4,
C00023/C00023_FM right side2_1.mp4,
C00023/C00023_FM right side2_2.mp4,
C00024/C00024_FM left side1_1.mp4,
C00024/C00024_FM left side1_2.mp4,
C00024/C00024_FM right side1_1.mp4,
C00024/C00024_FM right side1_2.mp4,
C00024/C00024_FM right side2_1.mp4,
C00024/C00024_FM right side2_2.mp4,
C00025/C00025_FM left side1_1.mp4,
C00025/C00025_FM left side1_2.mp4,
C00025/C00025_FM left side2_1.mp4,
C00025/C00025_FM left side2_2.mp4,
C00025/C00025_FM right side1_1.mp4,
C00025/C00025_FM right side1_2.mp4,
C00025/C00025_FM right side2_1.mp4,
C00025/C00025_FM right side2_2.mp4,
C00026/C00026_FM left side1_1.mp4,
C00026/C00026_FM left side1_2.mp4,
C00026/C00026_FM right side1_1.mp4,
C00026/C00026_FM right side1_2.mp4,
C00027/C00027_FM left side1_1.mp4,
C00027/C00027_FM left side1_2.mp4,
C00027/C00027_FM right side1_1.mp4,
C00027/C00027_FM right side1_2.mp4,
C00027/C00027_FM right side2_1.mp4,
C00027/C00027_FM right side2_2.mp4,
C00028/C00028_FM left side1_1.mp4,
C00028/C00028_FM left side1_2.mp4,
C00028/C00028_FM right side1_1.mp4,
C00028/C00028_FM right side1_2.mp4,
C00029/C00029_FM left side1_1.mp4,
C00029/C00029_FM left side1_2.mp4,
C00029/C00029_FM right side1_1.mp4,
C00029/C00029_FM right side1_2.mp4,
C00030/C00030_FM left side1_1.mp4,
C00030/C00030_FM left side1_2.mp4,
C00030/C00030_FM right side1_1.mp4,
C00030/C00030_FM right side1_2.mp4,
C00031/C00031_FM left side1_1.mp4,
C00031/C00031_FM left side1_2.mp4,
C00031/C00031_FM right side1_1.mp4,
C00031/C00031_FM right side1_2.mp4,
C0004/C0004_FM left side1_1.mp4,
C0004/C0004_FM left side1_2.mp4,
C0004/C0004_FM left side2_1.mp4,
C0004/C0004_FM left side2_2.mp4,
C0004/C0004_FM left side3_1.mp4,
C0004/C0004_FM left side3_2.mp4,
C0004/C0004_FM right side1_1.mp4,
C0004/C0004_FM right side1_2.mp4,
C0004/C0004_FM right side2_1.mp4,
C0004/C0004_FM right side2_2.mp4,
C0004/C0004_FM right side3_1.mp4,
C0004/C0004_FM right side3_2.mp4,
C0005/C0005_FM left side1_1.mp4,
C0005/C0005_FM left side1_2.mp4,
C0005/C0005_FM left side2_1.mp4,
C0005/C0005_FM left side2_2.mp4,
C0005/C0005_FM left side3_1.mp4,
C0005/C0005_FM left side3_2.mp4,
C0005/C0005_FM right side1_1.mp4,
C0005/C0005_FM right side1_2.mp4,
C0005/C0005_FM right side2_1.mp4,
C0005/C0005_FM right side2_2.mp4,
C0005/C0005_FM right side3_1.mp4,
C0005/C0005_FM right side3_2.mp4,
C0007/C0007_FM left side1_1.mp4,
C0007/C0007_FM left side1_2.mp4,
C0007/C0007_FM left side2_1.mp4,
C0007/C0007_FM left side2_2.mp4,
C0007/C0007_FM left side3_1.mp4,
C0007/C0007_FM left side3_2.mp4,
C0007/C0007_FM right side1_1.mp4,
C0007/C0007_FM right side1_2.mp4,
C0007/C0007_FM right side2_1.mp4,
C0007/C0007_FM right side2_2.mp4,
C0007/C0007_FM right side3_1.mp4,
C0007/C0007_FM right side3_2.mp4,
C0009/C0009_FM left side1_1.mp4,
C0009/C0009_FM left side1_2.mp4,
C0009/C0009_FM left side2_1.mp4,
C0009/C0009_FM left side2_2.mp4,
C0009/C0009_FM left side3_1.mp4,
C0009/C0009_FM left side3_2.mp4,
C0009/C0009_FM right side1_1.mp4,
C0009/C0009_FM right side1_2.mp4,
C0009/C0009_FM right side2_1.mp4,
C0009/C0009_FM right side2_2.mp4,
C0009/C0009_FM right side3_1.mp4,
C0009/C0009_FM right side3_2.mp4,
S0001/S0001_FM1_1.mp4,Front
S0001/S0001_FM1_2.mp4,Right
S0001/S0001_FM2_1.mp4,Right
S0001/S0001_FM2_2.mp4,Front
S0001/S0001_FM3_1.mp4,Right
S0001/S0001_FM3_2.mp4,Front
S0001/S0001_FM4_1.mp4,Right
S0001/S0001_FM4_2.mp4,Front
S0001/S0001_FM5_1.mp4,Front
S0001/S0001_FM5_2.mp4,Right
S00010/S00010_FM1_1.mp4,
S00010/S00010_FM1_2.mp4,
S00010/S00010_FM2_1.mp4,
S00010/S00010_FM2_2.mp4,
S00010/S00010_FM3_1.mp4,
S00010/S00010_FM3_2.mp4,
S00011/S00011_FM1_1.mp4,
S00011/S00011_FM1_2.mp4,
S00011/S00011_FM2_1.mp4,
S00011/S00011_FM2_2.mp4,
S00011/S00011_FM3_1.mp4,
S00011/S00011_FM3_2.mp4,
S00012/S00012_FM1_1.mp4,
S00012/S00012_FM1_2.mp4,
S00012/S00012_FM2_1.mp4,
S00012/S00012_FM2_2.mp4,
S00012/S00012_FM3_1.mp4,
S00012/S00012_FM3_2.mp4,
S00012/S00012_FM4_1.mp4,
S00012/S00012_FM4_2.mp4,
S00013/S00013_FM1_1.mp4,
S00013/S00013_FM1_2.mp4,
S00013/S00013_FM2_1.mp4,
S00013/S00013_FM2_2.mp4,
S00013/S00013_FM3_1.mp4,
S00013/S00013_FM3_2.mp4,
S00013/S00013_FM4_1.mp4,
S00013/S00013_FM4_2.mp4,
S00016/S00016_FM1_1.mp4,
S00016/S00016_FM1_2.mp4,
S00016/S00016_FM2_1.mp4,
S00016/S00016_FM2_2.mp4,
S00016/S00016_FM3_1.mp4,
S00016/S00016_FM3_2.mp4,
S00016/S00016_FM4_1.mp4,
S00016/S00016_FM4_2.mp4,
S00017/S00017_FM1_1.mp4,
S00017/S00017_FM1_2.mp4,
S00017/S00017_FM2_1.mp4,
S00017/S00017_FM2_2.mp4,
S00017/S00017_FM3_1.mp4,
S00017/S00017_FM3_2.mp4,
S00017/S00017_FM4_1.mp4,
S00017/S00017_FM4_2.mp4,
S00018/S00018_FM1_1.mp4,
S00018/S00018_FM1_2.mp4,
S00018/S00018_FM2_1.mp4,
S00018/S00018_FM2_2.mp4,
S00018/S00018_FM3_1.mp4,
S00018/S00018_FM3_2.mp4,
S00018/S00018_FM4_1.mp4,
S00018/S00018_FM4_2.mp4,
S00018/S00018_FM5_1.mp4,
S00018/S00018_FM5_2.mp4,
S00019/S00019_FM1_1.mp4,
S00019/S00019_FM1_2.mp4,
S00019/S00019_FM2_1.mp4,
S00019/S00019_FM2_2.mp4,
S00019/S00019_FM3_1.mp4,
S00019/S00019_FM3_2.mp4,
S00019/S00019_FM4_1.mp4,
S00019/S00019_FM4_2.mp4,
S0002/S0002_FM1_1.mp4,
S0002/S0002_FM1_2.mp4,
S0002/S0002_FM2_1.mp4,
S0002/S0002_FM2_2.mp4,
S0002/S0002_FM3_1.mp4,
S0002/S0002_FM3_2.mp4,
S0002/S0002_FM4_1.mp4,
S0002/S0002_FM4_2.mp4,
S0002/S0002_FM5_1.mp4,
S0002/S0002_FM5_2.mp4,
S00020/S00020_FM1_1.mp4,
S00020/S00020_FM1_2.mp4,
S00020/S00020_FM2_1.mp4,
S00020/S00020_FM2_2.mp4,
S00020/S00020_FM3_1.mp4,
S00020/S00020_FM3_2.mp4,
S00020/S00020_FM4_1.mp4,
S00020/S00020_FM4_2.mp4,
S00021/S00021_FM1_1.mp4,Front
S00021/S00021_FM1_2.mp4,Left
S00021/S00021_FM2_1.mp4,Front
S00021/S00021_FM2_2.mp4,Left
S00021/S00021_FM3_1.mp4,Front
S00021/S00021_FM3_2.mp4,Left
S00021/S00021_FM4_1.mp4,Front
S00021/S00021_FM4_2.mp4,Left
S00022/S00022_FM1_1.mp4,
S00022/S00022_FM1_2.mp4,
S00022/S00022_FM2_1.mp4,
S00022/S00022_FM2_2.mp4,
S00022/S00022_FM3_1.mp4,
S00022/S00022_FM3_2.mp4,
S00022/S00022_FM4_1.mp4,
S00022/S00022_FM4_2.mp4,
S00023/S00023_FM1_1.mp4,
S00023/S00023_FM1_2.mp4,
S00023/S00023_FM2_1.mp4,
S00023/S00023_FM2_2.mp4,
S00023/S00023_FM3_1.mp4,
S00023/S00023_FM3_2.mp4,
S00024/S00024_FM1_1.mp4,
S00024/S00024_FM1_2.mp4,
S00024/S00024_FM2_1.mp4,
S00024/S00024_FM2_2.mp4,
S00024/S00024_FM3_1.mp4,
S00024/S00024_FM3_2.mp4,
S00024/S00024_FM4_1.mp4,
S00024/S00024_FM4_2.mp4,
S00025/S00025_FM1_1.mp4,
S00025/S00025_FM1_2.mp4,
S00025/S00025_FM2_1.mp4,
S00025/S00025_FM2_2.mp4,
S00025/S00025_FM3_1.mp4,
S00025/S00025_FM3_2.mp4,
S00025/S00025_FM4_1.mp4,
S00025/S00025_FM4_2.mp4,
S00026/S00026_FM1_1.mp4,
S00026/S00026_FM1_2.mp4,
S00026/S00026_FM2_1.mp4,
S00026/S00026_FM2_2.mp4,
S00026/S00026_FM3_1.mp4,
S00026/S00026_FM3_2.mp4,
S00027/S00027_FM1_1.mp4,
S00027/S00027_FM1_2.mp4,
S00027/S00027_FM2_1.mp4,
S00027/S00027_FM2_2.mp4,
S00027/S00027_FM3_1.mp4,
S00027/S00027_FM3_2.mp4,
S00027/S00027_FM4_1.mp4,
S00027/S00027_FM4_2.mp4,
S00028/S00028_FM1_1.mp4,
S00028/S00028_FM1_2.mp4,
S00028/S00028_FM2_1.mp4,
S00028/S00028_FM2_2.mp4,
S00028/S00028_FM3_1.mp4,
S00028/S00028_FM3_2.mp4,
S00029/S00029_FM1_1.mp4,
S00029/S00029_FM1_2.mp4,
S00029/S00029_FM2_1.mp4,
S00029/S00029_FM2_2.mp4,
S00029/S00029_FM3_1.mp4,
S00029/S00029_FM3_2.mp4,
S00029/S00029_FM4_1.mp4,
S00029/S00029_FM4_2.mp4,
S0003/S0003_FM1_1.mp4,
S0003/S0003_FM1_2.mp4,
S0003/S0003_FM2_1.mp4,
S0003/S0003_FM2_2.mp4,
S0003/S0003_FM3_1.mp4,
S0003/S0003_FM3_2.mp4,
S0003/S0003_FM4_1.mp4,
S0003/S0003_FM4_2.mp4,
S00030/S00030_FM1_1.mp4,
S00030/S00030_FM1_2.mp4,
S00030/S00030_FM2_1.mp4,
S00030/S00030_FM2_2.mp4,
S00030/S00030_FM3_1.mp4,
S00030/S00030_FM3_2.mp4,
S00031/S00031_FM1_1.mp4,
S00031/S00031_FM1_2.mp4,
S00031/S00031_FM2_1.mp4,
S00031/S00031_FM2_2.mp4,
S00031/S00031_FM3_1.mp4,
S00031/S00031_FM3_2.mp4,
S00031/S00031_FM4_1.mp4,
S00031/S00031_FM4_2.mp4,
S00031/S00031_FM5_1.mp4,
S00031/S00031_FM5_2.mp4,
S00032/S00032_FM1_1.mp4,
S00032/S00032_FM1_2.mp4,
S00032/S00032_FM2_1.mp4,
S00032/S00032_FM2_2.mp4,
S00032/S00032_FM3_1.mp4,
S00032/S00032_FM3_2.mp4,
S00033/S00033_FM1_1.mp4,
S00033/S00033_FM1_2.mp4,
S00033/S00033_FM2_1.mp4,
S00033/S00033_FM2_2.mp4,
S00033/S00033_FM3_1.mp4,
S00033/S00033_FM3_2.mp4,
S00034/S00034_FM1_1.mp4,
S00034/S00034_FM1_2.mp4,
S00034/S00034_FM2_1.mp4,
S00034/S00034_FM2_2.mp4,
S00034/S00034_FM3_1.mp4,
S00034/S00034_FM3_2.mp4,
S00034/S00034_FM4_1.mp4,
S00034/S00034_FM4_2.mp4,
S00034/S00034_FM5_1.mp4,
S00034/S00034_FM5_2.mp4,
S00035/S00035_FM1_1.mp4,
S00035/S00035_FM1_2.mp4,
S00035/S00035_FM2_1.mp4,
S00035/S00035_FM2_2.mp4,
S00035/S00035_FM3_1.mp4,
S00035/S00035_FM3_2.mp4,
S00035/S00035_FM4_1.mp4,
S00035/S00035_FM4_2.mp4,
S00036/S00036_FM1_1.mp4,
S00036/S00036_FM1_2.mp4,
S00036/S00036_FM2_1.mp4,
S00036/S00036_FM2_2.mp4,
S00036/S00036_FM3_1.mp4,
S00036/S00036_FM3_2.mp4,
S00036/S00036_FM4_1.mp4,
S00036/S00036_FM4_2.mp4,
S00037/S00037_FM1_1.mp4,
S00037/S00037_FM1_2.mp4,
S00037/S00037_FM2_1.mp4,
S00037/S00037_FM2_2.mp4,
S00037/S00037_FM3_1.mp4,
S00037/S00037_FM3_2.mp4,
S00037/S00037_FM4_1.mp4,
S00037/S00037_FM4_2.mp4,
S00039/S00039_FM1_1.mp4,
S00039/S00039_FM1_2.mp4,
S00039/S00039_FM2_1.mp4,
S00039/S00039_FM2_2.mp4,
S00039/S00039_FM3_1.mp4,
S00039/S00039_FM3_2.mp4,
S0004/S0004_FM1_1.mp4,
S0004/S0004_FM1_2.mp4,
S0004/S0004_FM2_1.mp4,
S0004/S0004_FM2_2.mp4,
S0004/S0004_FM3_1.mp4,
S0004/S0004_FM3_2.mp4,
S0004/S0004_FM4_1.mp4,
S0004/S0004_FM4_2.mp4,
S0004/S0004_FM5_1.mp4,
S0004/S0004_FM5_2.mp4,
S00040/S00040_FM1_1.mp4,
S00040/S00040_FM1_2.mp4,
S00040/S00040_FM2_1.mp4,
S00040/S00040_FM2_2.mp4,
S00040/S00040_FM3_1.mp4,
S00040/S00040_FM3_2.mp4,
S00040/S00040_FM4_1.mp4,
S00040/S00040_FM4_2.mp4,
S00041/S00041_FM1_1.mp4,
S00041/S00041_FM1_2.mp4,
S00041/S00041_FM2_1.mp4,
S00041/S00041_FM2_2.mp4,
S00041/S00041_FM3_1.mp4,
S00041/S00041_FM3_2.mp4,
S00042/S00042_FM1_1.mp4,
S00042/S00042_FM1_2.mp4,
S00042/S00042_FM2_1.mp4,
S00042/S00042_FM2_2.mp4,
S00042/S00042_FM3_1.mp4,
S00042/S00042_FM3_2.mp4,
S00043/S00043_FM1_1.mp4,
S00043/S00043_FM1_2.mp4,
S00043/S00043_FM2_1.mp4,
S00043/S00043_FM2_2.mp4,
S00043/S00043_FM3_1.mp4,
S00043/S00043_FM3_2.mp4,
S00044/S00044_FM1_1.mp4,
S00044/S00044_FM1_2.mp4,
S00044/S00044_FM2_1.mp4,
S00044/S00044_FM2_2.mp4,
S00044/S00044_FM3_1.mp4,
S00044/S00044_FM3_2.mp4,
S00045/S00045_FM1_1.mp4,
S00045/S00045_FM1_2.mp4,
S00045/S00045_FM2_1.mp4,
S00045/S00045_FM2_2.mp4,
S00045/S00045_FM3_1.mp4,
S00045/S00045_FM3_2.mp4,
S00045/S00045_FM4_1.mp4,
S00045/S00045_FM4_2.mp4,
S00046/S00046_FM1_1.mp4,
S00046/S00046_FM1_2.mp4,
S00046/S00046_FM2_1.mp4,
S00046/S00046_FM2_2.mp4,
S00046/S00046_FM3_1.mp4,
S00046/S00046_FM3_2.mp4,
S00047/S00047_FM1_1.mp4,
S00047/S00047_FM1_2.mp4,
S00047/S00047_FM2_1.mp4,
S00047/S00047_FM2_2.mp4,
S00047/S00047_FM3_1.mp4,
S00047/S00047_FM3_2.mp4,
S00048/S00048_FM1_1.mp4,
S00048/S00048_FM1_2.mp4,
S00048/S00048_FM2_1.mp4,
S00048/S00048_FM2_2.mp4,
S00048/S00048_FM3_1.mp4,
S00048/S00048_FM3_2.mp4,
S00048/S00048_FM4_1.mp4,
S00048/S00048_FM4_2.mp4,
S00049/S00049_FM1_1.mp4,
S00049/S00049_FM1_2.mp4,
S00049/S00049_FM2_1.mp4,
S00049/S00049_FM2_2.mp4,
S00049/S00049_FM3_1.mp4,
S00049/S00049_FM3_2.mp4,
S0005/S0005_FM1_1.mp4,Front
S0005/S0005_FM1_2.mp4,Left
S0005/S0005_FM2_1.mp4,Left
S0005/S0005_FM2_2.mp4,Front
S0005/S0005_FM3_1.mp4,Left
S0005/S0005_FM3_2.mp4,Front
S00050/S00050_FM1_1.mp4,
S00050/S00050_FM1_2.mp4,
S00050/S00050_FM2_1.mp4,
S00050/S00050_FM2_2.mp4,
S00050/S00050_FM3_1.mp4,
S00050/S00050_FM3_2.mp4,
S00051/S00051_FM1_1.mp4,
S00051/S00051_FM1_2.mp4,
S00051/S00051_FM2_1.mp4,
S00051/S00051_FM2_2.mp4,
S00051/S00051_FM3_1.mp4,
S00051/S00051_FM3_2.mp4,
S00053/S00053_FM1_1.mp4,
S00053/S00053_FM1_2.mp4,
S00053/S00053_FM2_1.mp4,
S00053/S00053_FM2_2.mp4,
S00053/S00053_FM3_1.mp4,
S00053/S00053_FM3_2.mp4,
S00054/S00054_FM1_1.mp4,
S00054/S00054_FM1_2.mp4,
S00054/S00054_FM2_1.mp4,
S00054/S00054_FM2_2.mp4,
S00055/S00055_FM1_1.mp4,
S00055/S00055_FM1_2.mp4,
S00055/S00055_FM2_1.mp4,
S00055/S00055_FM2_2.mp4,
S0006/S0006_FM1_1.mp4,
S0006/S0006_FM1_2.mp4,
S0006/S0006_FM2_1.mp4,
S0006/S0006_FM2_2.mp4,
S0006/S0006_FM3_1.mp4,
S0006/S0006_FM3_2.mp4,
S0007/S0007_FM1_1.mp4,
S0007/S0007_FM1_2.mp4,
S0007/S0007_FM2_1.mp4,
S0007/S0007_FM2_2.mp4,
S0007/S0007_FM3_1.mp4,
S0007/S0007_FM3_2.mp4,
S0008/S0008_FM1_1.mp4,
S0008/S0008_FM1_2.mp4,
S0008/S0008_FM2_1.mp4,
S0008/S0008_FM2_2.mp4,
S0008/S0008_FM3_1.mp4,
S0008/S0008_FM3_2.mp4,
S0008/S0008_FM4_1.mp4,
S0008/S0008_FM4_2.mp4,
S0009/S0009_FM1_1.mp4,
S0009/S0009_FM1_2.mp4,
S0009/S0009_FM2_1.mp4,
S0009/S0009_FM2_2.mp4,
S0009/S0009_FM3_1.mp4,
S0009/S0009_FM3_2.mp4,
S0009/S0009_FM4_1.mp4,
S0009/S0009_FM4_2.mp4,
